{"cameraMode":{"drawMode":0,"name":"Shaded","section":"Shading Mode"},"sceneLighting":false,"audioPlay":false,"sceneViewState":{"m_AlwaysRefresh":false,"showFog":true,"showSkybox":false,"showFlares":true,"showImageEffects":true,"showParticleSystems":true,"showVisualEffectGraphs":true,"m_FxEnabled":true},"in2DMode":false,"pivot":{"x":-0.24476361274719239,"y":0.030596747994422914,"z":0.4616730213165283},"rotation":{"x":-0.04662599042057991,"y":0.5113193392753601,"z":-0.027796629816293718,"w":-0.8576762676239014},"size":0.7254500985145569,"orthographic":false}