{"cameraMode":{"drawMode":0,"name":"Shaded","section":"Shading Mode"},"sceneLighting":true,"audioPlay":false,"sceneViewState":{"m_AlwaysRefresh":false,"showFog":true,"showSkybox":true,"showFlares":true,"showImageEffects":true,"showParticleSystems":true,"showVisualEffectGraphs":true,"m_FxEnabled":true},"in2DMode":false,"pivot":{"x":-23.185726165771486,"y":12.629528045654297,"z":37.08225631713867},"rotation":{"x":-0.33635857701301577,"y":-0.0683167353272438,"z":0.024379149079322816,"w":-0.9394327402114868},"size":4.644484043121338,"orthographic":false}