{"cameraMode":{"drawMode":0,"name":"Shaded","section":"Shading Mode"},"sceneLighting":true,"audioPlay":false,"sceneViewState":{"m_AlwaysRefresh":false,"showFog":true,"showSkybox":true,"showFlares":true,"showImageEffects":true,"showParticleSystems":true,"showVisualEffectGraphs":true,"m_FxEnabled":true},"in2DMode":false,"pivot":{"x":-15.751611709594727,"y":0.7750575542449951,"z":53.191062927246097},"rotation":{"x":0.049147579818964007,"y":-0.9402796030044556,"z":0.1524767279624939,"w":0.30191975831985476},"size":2.9660251140594484,"orthographic":false}