{"cameraMode":{"drawMode":0,"name":"Shaded","section":"Shading Mode"},"sceneLighting":true,"audioPlay":false,"sceneViewState":{"m_AlwaysRefresh":false,"showFog":true,"showSkybox":true,"showFlares":true,"showImageEffects":true,"showParticleSystems":true,"showVisualEffectGraphs":true,"m_FxEnabled":true},"in2DMode":false,"pivot":{"x":-20.637039184570314,"y":2.039799690246582,"z":26.975627899169923},"rotation":{"x":0.032456327229738238,"y":0.7190300822257996,"z":-0.029591819271445276,"w":0.6945456862449646},"size":2.231231927871704,"orthographic":false}